id,name,code,user_type_id/id,chart_template_id/id,tag_ids/id,reconcile
rs_000,"Subscribed shares unpaid",000,account.data_account_type_equity,l10n_rs.l10n_rs_chart_template,,False
rs_001,"Subscribed stakes unpaid",001,account.data_account_type_equity,l10n_rs.l10n_rs_chart_template,,False
rs_010,"Investment in development",010,account.data_account_type_non_current_assets,l10n_rs.l10n_rs_chart_template,,False
rs_011,"Concessions, patents, licenses and similar rights",011,account.data_account_type_non_current_assets,l10n_rs.l10n_rs_chart_template,,False
rs_012,"Software and other rights",012,account.data_account_type_non_current_assets,l10n_rs.l10n_rs_chart_template,,False
rs_013,"Goodwill",013,account.data_account_type_non_current_assets,l10n_rs.l10n_rs_chart_template,,False
rs_014,"Other intangible assets",014,account.data_account_type_non_current_assets,l10n_rs.l10n_rs_chart_template,,False
rs_015,"Intangible assets under preparation",015,account.data_account_type_non_current_assets,l10n_rs.l10n_rs_chart_template,,False
rs_016,"Advances for acquisition of intangible assets",016,account.data_account_type_non_current_assets,l10n_rs.l10n_rs_chart_template,,False
rs_019,"Provsions for acquisition of intangible assets",019,account.data_account_type_depreciation,l10n_rs.l10n_rs_chart_template,,False
rs_020,"Agricultural and other land",020,account.data_account_type_non_current_assets,l10n_rs.l10n_rs_chart_template,,False
rs_021,"Land for building",021,account.data_account_type_non_current_assets,l10n_rs.l10n_rs_chart_template,,False
rs_022,"Buildings",022,account.data_account_type_non_current_assets,l10n_rs.l10n_rs_chart_template,,False
rs_023,"Plant and equipment",023,account.data_account_type_non_current_assets,l10n_rs.l10n_rs_chart_template,,False
rs_024,"Investment property",024,account.data_account_type_non_current_assets,l10n_rs.l10n_rs_chart_template,,False
rs_025,"Other Property, plant and equipment",025,account.data_account_type_non_current_assets,l10n_rs.l10n_rs_chart_template,,False
rs_026,"Property, plant and equipment under construction",026,account.data_account_type_non_current_assets,l10n_rs.l10n_rs_chart_template,,False
rs_027,"Investment in other property, plant and equipment",027,account.data_account_type_equity,l10n_rs.l10n_rs_chart_template,,False
rs_028,"Advances for property, plant and equipment",028,account.data_account_type_non_current_assets,l10n_rs.l10n_rs_chart_template,,False
rs_029,"Provisions for property, plant and equipment",029,account.data_account_type_non_current_assets,l10n_rs.l10n_rs_chart_template,,False
rs_030,"Forests",030,account.data_account_type_non_current_assets,l10n_rs.l10n_rs_chart_template,,False
rs_031,"Plantations",031,account.data_account_type_non_current_assets,l10n_rs.l10n_rs_chart_template,,False
rs_032,"Livestock",032,account.data_account_type_non_current_assets,l10n_rs.l10n_rs_chart_template,,False
rs_037,"Biological assets in progress",037,account.data_account_type_non_current_assets,l10n_rs.l10n_rs_chart_template,,False
rs_038,"Advances for biological assets",038,account.data_account_type_non_current_assets,l10n_rs.l10n_rs_chart_template,,False
rs_039,"Accumulated depreciation of biological assets",039,account.data_account_type_depreciation,l10n_rs.l10n_rs_chart_template,,False
rs_040,"Investments in capital of parent companies and subsidiaries",040,account.data_account_type_non_current_assets,l10n_rs.l10n_rs_chart_template,,False
rs_041,"Investments in capital of other associated companies and joint ventures",041,account.data_account_type_non_current_assets,l10n_rs.l10n_rs_chart_template,,False
rs_042,"Investments in other legal entities and other securities available for sale",042,account.data_account_type_non_current_assets,l10n_rs.l10n_rs_chart_template,,False
rs_043,"Long-term loans to parent companies, to subsidiaries and to other associated companies in country",043,account.data_account_type_non_current_assets,l10n_rs.l10n_rs_chart_template,,False
rs_044,"Long-term loans to parent companies, to subsidiaries and to other associated companies abroad",044,account.data_account_type_non_current_assets,l10n_rs.l10n_rs_chart_template,,False
rs_045,"Long term loans",045,account.data_account_type_non_current_assets,l10n_rs.l10n_rs_chart_template,,False
rs_046,"Securities held to maturity",046,account.data_account_type_non_current_assets,l10n_rs.l10n_rs_chart_template,,False
rs_047,"Own shares purchased",047,account.data_account_type_non_current_assets,l10n_rs.l10n_rs_chart_template,,False
rs_048,"Other long term investment",048,account.data_account_type_non_current_assets,l10n_rs.l10n_rs_chart_template,,False
rs_049,"Provisions for long-term financial investments",049,account.data_account_type_non_current_assets,l10n_rs.l10n_rs_chart_template,,False
rs_050,"Long term receivables - parent companies and subsidiaries",050,account.data_account_type_non_current_assets,l10n_rs.l10n_rs_chart_template,,False
rs_051,"Long term receivables - other associated entities",051,account.data_account_type_non_current_assets,l10n_rs.l10n_rs_chart_template,,False
rs_052,"Trade receivables for credit sales",052,account.data_account_type_non_current_assets,l10n_rs.l10n_rs_chart_template,,False
rs_053,"Trade receivables for sales via financial lease",053,account.data_account_type_non_current_assets,l10n_rs.l10n_rs_chart_template,,False
rs_054,"Long term receivables for guarantees",054,account.data_account_type_non_current_assets,l10n_rs.l10n_rs_chart_template,,False
rs_055,"Suspicious long term receivables",055,account.data_account_type_non_current_assets,l10n_rs.l10n_rs_chart_template,,False
rs_056,"Other long term receivables",056,account.data_account_type_non_current_assets,l10n_rs.l10n_rs_chart_template,,False
rs_059,"Provisions for long term receivables",059,account.data_account_type_non_current_assets,l10n_rs.l10n_rs_chart_template,,False
rs_100,"Material purchase costs calculation",100,account.data_account_type_current_assets,l10n_rs.l10n_rs_chart_template,,False
rs_101,"Raw materials",101,account.data_account_type_current_assets,l10n_rs.l10n_rs_chart_template,,False
rs_102,"Spare parts",102,account.data_account_type_current_assets,l10n_rs.l10n_rs_chart_template,,False
rs_103,"Tools and inventories",103,account.data_account_type_current_assets,l10n_rs.l10n_rs_chart_template,,False
rs_104,"Material, spare parts and tools in processing and manipulation ",104,account.data_account_type_current_assets,l10n_rs.l10n_rs_chart_template,,False
rs_109,"Provisions for material",109,account.data_account_type_current_assets,l10n_rs.l10n_rs_chart_template,,False
rs_110,"Work in progress",110,account.data_account_type_current_assets,l10n_rs.l10n_rs_chart_template,,False
rs_111,"Services in progress",111,account.data_account_type_current_assets,l10n_rs.l10n_rs_chart_template,,False
rs_120,"Finished products in warehouse",120,account.data_account_type_current_assets,l10n_rs.l10n_rs_chart_template,,False
rs_130,"Merchandise cost accounting",130,account.data_account_type_current_assets,l10n_rs.l10n_rs_chart_template,,False
rs_131,"Merchandise in warehouse",131,account.data_account_type_current_assets,l10n_rs.l10n_rs_chart_template,,False
rs_132,"Wholesale merchandise",132,account.data_account_type_current_assets,l10n_rs.l10n_rs_chart_template,,False
rs_133,"Merchandise in storehouse, depot and other legal entitiesâ€™ shops",133,account.data_account_type_current_assets,l10n_rs.l10n_rs_chart_template,,False
rs_134,"Merchandise in retail sale",134,account.data_account_type_current_assets,l10n_rs.l10n_rs_chart_template,,False
rs_135,"Merchandise being processed, finished off and handled",135,account.data_account_type_current_assets,l10n_rs.l10n_rs_chart_template,,False
rs_136,"Merchandise in transit",136,account.data_account_type_current_assets,l10n_rs.l10n_rs_chart_template,,False
rs_137,"Merchandise in transport",137,account.data_account_type_current_assets,l10n_rs.l10n_rs_chart_template,,False
rs_139,"Provisions for merchandise",139,account.data_account_type_current_assets,l10n_rs.l10n_rs_chart_template,,False
rs_140,"Intangibles held for trading",140,account.data_account_type_non_current_assets,l10n_rs.l10n_rs_chart_template,,False
rs_141,"Land held for trading",141,account.data_account_type_non_current_assets,l10n_rs.l10n_rs_chart_template,,False
rs_142,"Buildings held for trading",142,account.data_account_type_non_current_assets,l10n_rs.l10n_rs_chart_template,,False
rs_143,"Investment property held for trading",143,account.data_account_type_non_current_assets,l10n_rs.l10n_rs_chart_template,,False
rs_144,"Other property held for trading",144,account.data_account_type_non_current_assets,l10n_rs.l10n_rs_chart_template,,False
rs_145,"Plant and equipment held for trading",145,account.data_account_type_non_current_assets,l10n_rs.l10n_rs_chart_template,,False
rs_146,"Biological assets held for trading",146,account.data_account_type_non_current_assets,l10n_rs.l10n_rs_chart_template,,False
rs_147,"Assets of discounting operations",147,account.data_account_type_current_assets,l10n_rs.l10n_rs_chart_template,,False
rs_149,"Provisions for assets held for trading",149,account.data_account_type_current_assets,l10n_rs.l10n_rs_chart_template,,False
rs_150,"Advances paid for material, spare parts and tools - domestic",150,account.data_account_type_prepayments,l10n_rs.l10n_rs_chart_template,,False
rs_151,"Advances paid for material, spare parts and tools - foreign",151,account.data_account_type_prepayments,l10n_rs.l10n_rs_chart_template,,False
rs_152,"Advances paid for goods - domestic",152,account.data_account_type_prepayments,l10n_rs.l10n_rs_chart_template,,False
rs_153,"Advances paid for goods - foreign",153,account.data_account_type_prepayments,l10n_rs.l10n_rs_chart_template,,False
rs_154,"Advances paid for services - domestic",154,account.data_account_type_prepayments,l10n_rs.l10n_rs_chart_template,,False
rs_155,"Advances paid for services - foreign",155,account.data_account_type_prepayments,l10n_rs.l10n_rs_chart_template,,False
rs_159,"Provisions for advances paid",159,account.data_account_type_current_assets,l10n_rs.l10n_rs_chart_template,,False
rs_200,"Trade receivables - domestic parent companies and subsidiaries",200,account.data_account_type_receivable,l10n_rs.l10n_rs_chart_template,,True
rs_201,"Trade receivables - foreign parent companies and subsidiaries",201,account.data_account_type_receivable,l10n_rs.l10n_rs_chart_template,,True
rs_202,"Trade receivables - domestic other associated entities",202,account.data_account_type_receivable,l10n_rs.l10n_rs_chart_template,,True
rs_203,"Trade receivables - foreign other associated entities",203,account.data_account_type_receivable,l10n_rs.l10n_rs_chart_template,,True
rs_204,"Trade receivables - domestic third party",204,account.data_account_type_receivable,l10n_rs.l10n_rs_chart_template,,True
rs_205,"Trade receivables - foreign third party",205,account.data_account_type_receivable,l10n_rs.l10n_rs_chart_template,,True
rs_206,"Other trade receivables",206,account.data_account_type_receivable,l10n_rs.l10n_rs_chart_template,,True
rs_209,"Provisions for trade receivables",209,account.data_account_type_current_assets,l10n_rs.l10n_rs_chart_template,,False
rs_210,"Receivables from exporters",210,account.data_account_type_current_assets,l10n_rs.l10n_rs_chart_template,,False
rs_211,"Receivables due from import on behalf of other entities",211,account.data_account_type_current_assets,l10n_rs.l10n_rs_chart_template,,False
rs_212,"Receivables from sales on commission and consignment",212,account.data_account_type_current_assets,l10n_rs.l10n_rs_chart_template,,False
rs_218,"Other receivables from specific business operations",218,account.data_account_type_current_assets,l10n_rs.l10n_rs_chart_template,,False
rs_219,"Provisions for receivables from specific business operations",219,account.data_account_type_current_assets,l10n_rs.l10n_rs_chart_template,,False
rs_220,"Receivables for interest and dividends",220,account.data_account_type_current_assets,l10n_rs.l10n_rs_chart_template,,False
rs_221,"Receivables from employees",221,account.data_account_type_current_assets,l10n_rs.l10n_rs_chart_template,,False
rs_222,"Receivables from state authorities and organizations",222,account.data_account_type_current_assets,l10n_rs.l10n_rs_chart_template,,False
rs_223,"Receivables for prepaid income tax",223,account.data_account_type_current_assets,l10n_rs.l10n_rs_chart_template,,False
rs_224,"Receivables for other taxes and contributions prepaid",224,account.data_account_type_current_assets,l10n_rs.l10n_rs_chart_template,,False
rs_225,"Receivables for refunding wages and salaries",225,account.data_account_type_current_assets,l10n_rs.l10n_rs_chart_template,,False
rs_226,"Receivables for damages",226,account.data_account_type_current_assets,l10n_rs.l10n_rs_chart_template,,False
rs_228,"Other receivables",228,account.data_account_type_current_assets,l10n_rs.l10n_rs_chart_template,,False
rs_229,"Provisions for other receivables",229,account.data_account_type_current_assets,l10n_rs.l10n_rs_chart_template,,False
rs_230,"Short-term loans and investments in parent companies and subsidiaries",230,account.data_account_type_current_assets,l10n_rs.l10n_rs_chart_template,,False
rs_231,"Short-term loans and investments in other associated companies",231,account.data_account_type_current_assets,l10n_rs.l10n_rs_chart_template,,False
rs_232,"Short term loans - domestic",232,account.data_account_type_current_assets,l10n_rs.l10n_rs_chart_template,,False
rs_233,"Short term loans - foreign",233,account.data_account_type_current_assets,l10n_rs.l10n_rs_chart_template,,False
rs_234,"Current portions of long term loan due within one year",234,account.data_account_type_current_assets,l10n_rs.l10n_rs_chart_template,,False
rs_235,"Current portions of securities held to maturity",235,account.data_account_type_current_assets,l10n_rs.l10n_rs_chart_template,,False
rs_236,"Financial instrument valued at fair value ",236,account.data_account_type_current_assets,l10n_rs.l10n_rs_chart_template,,False
rs_237,"Bought up own shares",237,account.data_account_type_current_assets,l10n_rs.l10n_rs_chart_template,,False
rs_238,"Other short-term investments",238,account.data_account_type_current_assets,l10n_rs.l10n_rs_chart_template,,False
rs_239,"Provisions for short - term investments",239,account.data_account_type_current_assets,l10n_rs.l10n_rs_chart_template,,False
rs_240,"Securities - cash equivalents",240,account.data_account_type_current_assets,l10n_rs.l10n_rs_chart_template,,False
rs_241,"Bank accounts - Dinars",241,account.data_account_type_liquidity,l10n_rs.l10n_rs_chart_template,,False
rs_242,"Cash allocated for payments and open letters of credit",242,account.data_account_type_liquidity,l10n_rs.l10n_rs_chart_template,,False
rs_243,"Cash in hand",243,account.data_account_type_liquidity,l10n_rs.l10n_rs_chart_template,,False
rs_244,"Bank accounts - foreign currency",244,account.data_account_type_liquidity,l10n_rs.l10n_rs_chart_template,,False
rs_245,"open letters of credit in foreign currency",245,account.data_account_type_liquidity,l10n_rs.l10n_rs_chart_template,,False
rs_246,"Cash in hand - foreign currency",246,account.data_account_type_liquidity,l10n_rs.l10n_rs_chart_template,,False
rs_248," Other cash and cash equivalents",248,account.data_account_type_liquidity,l10n_rs.l10n_rs_chart_template,,False
rs_249,"Blocked bank accounts and cash and equivalents undervalued",249,account.data_account_type_liquidity,l10n_rs.l10n_rs_chart_template,,False
rs_270,"VAT in incoming invoices - general tax rate (except advances paid)",270,account.data_account_type_current_assets,l10n_rs.l10n_rs_chart_template,,False
rs_271,"VAT in incoming invoices - specific tax rate (except advances paid)",271,account.data_account_type_current_assets,l10n_rs.l10n_rs_chart_template,,False
rs_272,"VAT in advances paid - general tax rate",272,account.data_account_type_current_assets,l10n_rs.l10n_rs_chart_template,,False
rs_273,"VAT in advances paid - specific tax rate",273,account.data_account_type_current_assets,l10n_rs.l10n_rs_chart_template,,False
rs_274,"VAT paid for import of goods - general tax rate",274,account.data_account_type_current_assets,l10n_rs.l10n_rs_chart_template,,False
rs_275,"VAT paid for import of goods - specific tax rate",275,account.data_account_type_current_assets,l10n_rs.l10n_rs_chart_template,,False
rs_276,"VAT on services rendered by foreign suppliers",276,account.data_account_type_current_assets,l10n_rs.l10n_rs_chart_template,,False
rs_277,"VAT returned to foreign customers",277,account.data_account_type_current_assets,l10n_rs.l10n_rs_chart_template,,False
rs_278,"VAT paid to agriculture ",278,account.data_account_type_current_assets,l10n_rs.l10n_rs_chart_template,,False
rs_279,"Receivables for prepaid VAT",279,account.data_account_type_current_assets,l10n_rs.l10n_rs_chart_template,,False
rs_280,"Prepaid costs",280,account.data_account_type_prepayments,l10n_rs.l10n_rs_chart_template,,False
rs_281,"Accrued income (uninvoiced income)",281,account.data_account_type_current_assets,l10n_rs.l10n_rs_chart_template,,False
rs_282,"Other accruals for liabilities",282,account.data_account_type_current_liabilities,l10n_rs.l10n_rs_chart_template,,False
rs_288,"Deferred tax assets",288,account.data_account_type_current_assets,l10n_rs.l10n_rs_chart_template,,False
rs_289,"Other accruals",289,account.data_account_type_current_assets,l10n_rs.l10n_rs_chart_template,,False
rs_300,"Share capital ",300,account.data_account_type_equity,l10n_rs.l10n_rs_chart_template,,False
rs_301,"Stakes in limited liability companies",301,account.data_account_type_equity,l10n_rs.l10n_rs_chart_template,,False
rs_302,"Participating interests",302,account.data_account_type_equity,l10n_rs.l10n_rs_chart_template,,False
rs_303,"State owned capital",303,account.data_account_type_equity,l10n_rs.l10n_rs_chart_template,,False
rs_304,"Socially owned capital",304,account.data_account_type_equity,l10n_rs.l10n_rs_chart_template,,False
rs_305,"Stakes in co-operatives",305,account.data_account_type_equity,l10n_rs.l10n_rs_chart_template,,False
rs_306,"Share issuing premiums",306,account.data_account_type_equity,l10n_rs.l10n_rs_chart_template,,False
rs_309,"Other capital",309,account.data_account_type_equity,l10n_rs.l10n_rs_chart_template,,False
rs_310,"Subscribed share capital unpaid",310,account.data_account_type_equity,l10n_rs.l10n_rs_chart_template,,False
rs_311,"Subscribed stakes unpaid",311,account.data_account_type_equity,l10n_rs.l10n_rs_chart_template,,False
rs_321,"Legal reserves",321,account.data_account_type_equity,l10n_rs.l10n_rs_chart_template,,False
rs_322,"Statutory and other reserves",322,account.data_account_type_equity,l10n_rs.l10n_rs_chart_template,,False
rs_330,"Reevaluation reserves for reevaluation of intangibles and PPE",330,account.data_account_type_equity,l10n_rs.l10n_rs_chart_template,,False
rs_331,"Actuary gains and losses",331,account.data_account_type_equity,l10n_rs.l10n_rs_chart_template,,False
rs_332,"Gains and losses ",332,account.data_account_type_equity,l10n_rs.l10n_rs_chart_template,,False
rs_333,"Gains and losses for shares in associated entities.",333,account.data_account_type_equity,l10n_rs.l10n_rs_chart_template,,False
rs_334,"Gains and losses for valuating of foreign business financial statements",334,account.data_account_type_equity,l10n_rs.l10n_rs_chart_template,,False
rs_335,"Gains and losses for investment in foreign operations",335,account.data_account_type_equity,l10n_rs.l10n_rs_chart_template,,False
rs_336,"Gains and losses for hedging",336,account.data_account_type_equity,l10n_rs.l10n_rs_chart_template,,False
rs_337,"Gains and losses for securities held for trading",337,account.data_account_type_equity,l10n_rs.l10n_rs_chart_template,,False
rs_340,"Retained profit from previous years",340,account.data_account_type_revenue,l10n_rs.l10n_rs_chart_template,,False
rs_341,"Retained profit from current year",341,account.data_account_type_revenue,l10n_rs.l10n_rs_chart_template,,False
rs_350,"Previous year's losses",350,account.data_account_type_expenses,l10n_rs.l10n_rs_chart_template,,False
rs_351,"Current year loss",351,account.data_account_type_expenses,l10n_rs.l10n_rs_chart_template,,False
rs_400,"Provisions for costs incurred during the warranty period",400,account.data_account_type_non_current_liabilities,l10n_rs.l10n_rs_chart_template,,False
rs_401,"Provisions for the recovery of natural resources",401,account.data_account_type_non_current_liabilities,l10n_rs.l10n_rs_chart_template,,False
rs_402,"Provisions for retained deposits and caution money",402,account.data_account_type_non_current_liabilities,l10n_rs.l10n_rs_chart_template,,False
rs_403,"Provisions for restructuring costs",403,account.data_account_type_non_current_liabilities,l10n_rs.l10n_rs_chart_template,,False
rs_404,"Provisions for employees benefits",404,account.data_account_type_non_current_liabilities,l10n_rs.l10n_rs_chart_template,,False
rs_405,"Provisions for litigations",405,account.data_account_type_non_current_liabilities,l10n_rs.l10n_rs_chart_template,,False
rs_409,"Other long-term provisions",409,account.data_account_type_non_current_liabilities,l10n_rs.l10n_rs_chart_template,,False
rs_410,"Liabilities which can be converted into capital",410,account.data_account_type_non_current_liabilities,l10n_rs.l10n_rs_chart_template,,False
rs_411,"Liabilities to parent companies and subsidiaries",411,account.data_account_type_non_current_liabilities,l10n_rs.l10n_rs_chart_template,,False
rs_412,"Liabilities to other associated companies",412,account.data_account_type_non_current_liabilities,l10n_rs.l10n_rs_chart_template,,False
rs_413,"Liabilities for long-term securities",413,account.data_account_type_non_current_liabilities,l10n_rs.l10n_rs_chart_template,,False
rs_414,"Long-term loans - domestic",414,account.data_account_type_non_current_liabilities,l10n_rs.l10n_rs_chart_template,,False
rs_415,"Long-term loans - foreign",415,account.data_account_type_non_current_liabilities,l10n_rs.l10n_rs_chart_template,,False
rs_416,"Liabilities for financial lease",416,account.data_account_type_non_current_liabilities,l10n_rs.l10n_rs_chart_template,,False
rs_419,"Other long-term liabilities",419,account.data_account_type_non_current_liabilities,l10n_rs.l10n_rs_chart_template,,False
rs_420,"Short-term loans from parent companies and subsidiaries",420,account.data_account_type_current_liabilities,l10n_rs.l10n_rs_chart_template,,False
rs_421,"Short-term loans from other associated companies",421,account.data_account_type_current_liabilities,l10n_rs.l10n_rs_chart_template,,False
rs_422,"Short term loans - domestic",422,account.data_account_type_current_liabilities,l10n_rs.l10n_rs_chart_template,,False
rs_423,"Short term loans - foreign",423,account.data_account_type_current_liabilities,l10n_rs.l10n_rs_chart_template,,False
rs_424,"Current portion of long-term loans",424,account.data_account_type_current_liabilities,l10n_rs.l10n_rs_chart_template,,False
rs_425,"Current portion of other long-term liabilities",425,account.data_account_type_current_liabilities,l10n_rs.l10n_rs_chart_template,,False
rs_426,"Liabilities for short-term securities",426,account.data_account_type_current_liabilities,l10n_rs.l10n_rs_chart_template,,False
rs_427,"Liabilites for fixed assets and assets of discounting operations held for sale",427,account.data_account_type_current_liabilities,l10n_rs.l10n_rs_chart_template,,False
rs_429,"Other short-term financial liabilities",429,account.data_account_type_current_liabilities,l10n_rs.l10n_rs_chart_template,,False
rs_430,"Received advances, deposits and caution money",430,account.data_account_type_current_liabilities,l10n_rs.l10n_rs_chart_template,,False
rs_431,"Trade payables - parent companies and subsidiaries - domestic",431,account.data_account_type_payable,l10n_rs.l10n_rs_chart_template,,True
rs_432,"Trade payables - parent companies and subsidiaries - foreign",432,account.data_account_type_payable,l10n_rs.l10n_rs_chart_template,,True
rs_433,"Trade payables - other associated companies - domestic",433,account.data_account_type_payable,l10n_rs.l10n_rs_chart_template,,True
rs_434,"Trade payables - other associated companies - foreign",434,account.data_account_type_payable,l10n_rs.l10n_rs_chart_template,,True
rs_435,"Trade payables - domestic",435,account.data_account_type_payable,l10n_rs.l10n_rs_chart_template,,True
rs_436,"Trade payables - foreign",436,account.data_account_type_payable,l10n_rs.l10n_rs_chart_template,,True
rs_439,"Other liabilities from business operations",439,account.data_account_type_current_liabilities,l10n_rs.l10n_rs_chart_template,,False
rs_440,"Liabilities to importers",440,account.data_account_type_current_liabilities,l10n_rs.l10n_rs_chart_template,,False
rs_441,"Liabilities due to exporters made on behalf of third parties",441,account.data_account_type_current_liabilities,l10n_rs.l10n_rs_chart_template,,False
rs_442,"Liabilities for sale on commission and consignment",442,account.data_account_type_current_liabilities,l10n_rs.l10n_rs_chart_template,,False
rs_449,"Other liabilities from specific business operations",449,account.data_account_type_current_liabilities,l10n_rs.l10n_rs_chart_template,,False
rs_450,"Liabilities for net salaries and fringe benefits, except refundable fringe benefits",450,account.data_account_type_current_liabilities,l10n_rs.l10n_rs_chart_template,,False
rs_451,"Liabilities for taxes on salaries and fringe benefits charged to employees",451,account.data_account_type_current_liabilities,l10n_rs.l10n_rs_chart_template,,False
rs_452,"Liabilities for contributions on salaries and fringe benefits charged to employees",452,account.data_account_type_current_liabilities,l10n_rs.l10n_rs_chart_template,,False
rs_453,"Liabilities for taxes and contributions on salaries and fringe benefits charged to employer",453,account.data_account_type_current_liabilities,l10n_rs.l10n_rs_chart_template,,False
rs_454,"Liabilities for refundable net fringe benefits",454,account.data_account_type_current_liabilities,l10n_rs.l10n_rs_chart_template,,False
rs_455,"Liabilities for taxes and contributions on refundable fringe benefits charged to employees",455,account.data_account_type_current_liabilities,l10n_rs.l10n_rs_chart_template,,False
rs_456,"Liabilities for taxes and contributions on refundable fringe benefits charged to employer",456,account.data_account_type_current_liabilities,l10n_rs.l10n_rs_chart_template,,False
rs_460,"Liabilities for interests and finance costs",460,account.data_account_type_current_liabilities,l10n_rs.l10n_rs_chart_template,,False
rs_461,"Liabilities for dividends",461,account.data_account_type_current_liabilities,l10n_rs.l10n_rs_chart_template,,False
rs_462,"Liabilities for share in the profit",462,account.data_account_type_current_liabilities,l10n_rs.l10n_rs_chart_template,,False
rs_463,"Liabilities to employees",463,account.data_account_type_current_liabilities,l10n_rs.l10n_rs_chart_template,,False
rs_464,"Liabilities to members of Management Board and Supervisory Board",464,account.data_account_type_current_liabilities,l10n_rs.l10n_rs_chart_template,,False
rs_465,"Liabilities to individuals for contracted fees",465,account.data_account_type_current_liabilities,l10n_rs.l10n_rs_chart_template,,False
rs_466,"Liabilities for net income of sole traders who obtain advances during the year",466,account.data_account_type_current_liabilities,l10n_rs.l10n_rs_chart_template,,False
rs_467,"Liabilities for short term provisions",467,account.data_account_type_current_liabilities,l10n_rs.l10n_rs_chart_template,,False
rs_469,"Other liabilities",469,account.data_account_type_current_liabilities,l10n_rs.l10n_rs_chart_template,,False
rs_470,"Liabilities for VAT in outgoing invoices - general tax rate (except advances received)",470,account.data_account_type_current_liabilities,l10n_rs.l10n_rs_chart_template,,False
rs_471,"Liabilities for VAT in outgoing invoices - specific tax rate (except advances received)",471,account.data_account_type_current_liabilities,l10n_rs.l10n_rs_chart_template,,False
rs_472,"Liabilities for VAT in advances received - general tax rate",472,account.data_account_type_current_liabilities,l10n_rs.l10n_rs_chart_template,,False
rs_473,"Liabilities for VAT in advances received - specific tax rate",473,account.data_account_type_current_liabilities,l10n_rs.l10n_rs_chart_template,,False
rs_474,"Liabilities for VAT on internal consumption - general tax rate",474,account.data_account_type_current_liabilities,l10n_rs.l10n_rs_chart_template,,False
rs_475,"Liabilities for VAT on internal consumption - specific tax rate",475,account.data_account_type_current_liabilities,l10n_rs.l10n_rs_chart_template,,False
rs_476,"Liabilities for VAT on sales for cash",476,account.data_account_type_current_liabilities,l10n_rs.l10n_rs_chart_template,,False
rs_479,"Liabilities for VAT on difference between calculated VAT and previous taxes",479,account.data_account_type_current_liabilities,l10n_rs.l10n_rs_chart_template,,False
rs_480,"Liabilities for excise duties",480,account.data_account_type_current_liabilities,l10n_rs.l10n_rs_chart_template,,False
rs_481,"Liabilities for income tax",481,account.data_account_type_current_liabilities,l10n_rs.l10n_rs_chart_template,,False
rs_482,"Liabilities for taxes, customs, and other duties charged to costs",482,account.data_account_type_current_liabilities,l10n_rs.l10n_rs_chart_template,,False
rs_483,"Liabilities for contributions charged to costs",483,account.data_account_type_current_liabilities,l10n_rs.l10n_rs_chart_template,,False
rs_489,"Other liabilities for taxes, contributions and other duties",489,account.data_account_type_current_liabilities,l10n_rs.l10n_rs_chart_template,,False
rs_490,"Accrued expenses",490,account.data_account_type_current_liabilities,l10n_rs.l10n_rs_chart_template,,False
rs_491,"Deferred income",491,account.data_account_type_current_liabilities,l10n_rs.l10n_rs_chart_template,,False
rs_494,"Accrued direct purchase costs",494,account.data_account_type_current_liabilities,l10n_rs.l10n_rs_chart_template,,False
rs_495,"Received donations and grants",495,account.data_account_type_current_liabilities,l10n_rs.l10n_rs_chart_template,,False
rs_496,"Deferred income for receivables",496,account.data_account_type_current_liabilities,l10n_rs.l10n_rs_chart_template,,False
rs_498,"Deferred tax liabilities",498,account.data_account_type_current_liabilities,l10n_rs.l10n_rs_chart_template,,False
rs_499,"Other accruals and deferred income",499,account.data_account_type_current_liabilities,l10n_rs.l10n_rs_chart_template,,False
rs_500,"Purchases of merchandises (goods for resale)",500,account.data_account_type_expenses,l10n_rs.l10n_rs_chart_template,,False
rs_501,"Cost of goods sold - COGS",501,account.data_account_type_expenses,l10n_rs.l10n_rs_chart_template,,False
rs_502,"Cost of sold assets held for trading",502,account.data_account_type_expenses,l10n_rs.l10n_rs_chart_template,,False
rs_503,"Cost of sold other fixed assets held for trading",503,account.data_account_type_expenses,l10n_rs.l10n_rs_chart_template,,False
rs_510,"Cost of material",510,account.data_account_type_expenses,l10n_rs.l10n_rs_chart_template,,False
rs_511,"Costs of raw material",511,account.data_account_type_expenses,l10n_rs.l10n_rs_chart_template,,False
rs_512,"Costs of other material (overhead)",512,account.data_account_type_expenses,l10n_rs.l10n_rs_chart_template,,False
rs_513,"Cost of fuel and energy",513,account.data_account_type_expenses,l10n_rs.l10n_rs_chart_template,,False
rs_514,"Cost of spare parts",514,account.data_account_type_expenses,l10n_rs.l10n_rs_chart_template,,False
rs_515,"Write offs - tools and inventory",515,account.data_account_type_expenses,l10n_rs.l10n_rs_chart_template,,False
rs_520,"Costs of salaries and fringe benefits (gross)",520,account.data_account_type_expenses,l10n_rs.l10n_rs_chart_template,,False
rs_521,"Costs of taxes and contributions on salaries and fringe benefits charged to employer",521,account.data_account_type_expenses,l10n_rs.l10n_rs_chart_template,,False
rs_522,"Costs of remunerations according to temporary service contracts",522,account.data_account_type_expenses,l10n_rs.l10n_rs_chart_template,,False
rs_523,"Costs of remunerations according to author's contracts",523,account.data_account_type_expenses,l10n_rs.l10n_rs_chart_template,,False
rs_524,"Costs of remunerations according to temporary and provisional contracts",524,account.data_account_type_expenses,l10n_rs.l10n_rs_chart_template,,False
rs_525,"Costs of remunerations to individuals according to other contracts",525,account.data_account_type_expenses,l10n_rs.l10n_rs_chart_template,,False
rs_526,"Costs of remuneration to members of Management Board and Supervisory Board",526,account.data_account_type_expenses,l10n_rs.l10n_rs_chart_template,,False
rs_529,"Other personal expenses remunerations",529,account.data_account_type_expenses,l10n_rs.l10n_rs_chart_template,,False
rs_530,"Costs of services used in production process of own costs capitalized",530,account.data_account_type_expenses,l10n_rs.l10n_rs_chart_template,,False
rs_531,"Transport services costs",531,account.data_account_type_expenses,l10n_rs.l10n_rs_chart_template,,False
rs_532,"Maintenance costs",532,account.data_account_type_expenses,l10n_rs.l10n_rs_chart_template,,False
rs_533,"Rental costs",533,account.data_account_type_expenses,l10n_rs.l10n_rs_chart_template,,False
rs_534,"Fairs exhibit costs",534,account.data_account_type_expenses,l10n_rs.l10n_rs_chart_template,,False
rs_535,"Advertising costs",535,account.data_account_type_expenses,l10n_rs.l10n_rs_chart_template,,False
rs_536,"Costs of researching activities",536,account.data_account_type_expenses,l10n_rs.l10n_rs_chart_template,,False
rs_537,"Non capitalizing development costs",537,account.data_account_type_expenses,l10n_rs.l10n_rs_chart_template,,False
rs_539,"Costs of other services",539,account.data_account_type_expenses,l10n_rs.l10n_rs_chart_template,,False
rs_540,"Depreciation costs",540,account.data_account_type_depreciation,l10n_rs.l10n_rs_chart_template,,False
rs_541,"Costs of provisions during the warranty period",541,account.data_account_type_expenses,l10n_rs.l10n_rs_chart_template,,False
rs_542,"Provisions for recovery of natural resources",542,account.data_account_type_expenses,l10n_rs.l10n_rs_chart_template,,False
rs_543,"Provisions for retained deposits and caution money",543,account.data_account_type_expenses,l10n_rs.l10n_rs_chart_template,,False
rs_544,"Provisions for restructuring costs",544,account.data_account_type_expenses,l10n_rs.l10n_rs_chart_template,,False
rs_545,"Provisions for employees benefits",545,account.data_account_type_expenses,l10n_rs.l10n_rs_chart_template,,False
rs_549,"Other provisions",549,account.data_account_type_expenses,l10n_rs.l10n_rs_chart_template,,False
rs_550,"Costs of non-production services",550,account.data_account_type_expenses,l10n_rs.l10n_rs_chart_template,,False
rs_551,"Representation costs",551,account.data_account_type_expenses,l10n_rs.l10n_rs_chart_template,,False
rs_552,"Costs of insurance premiums",552,account.data_account_type_expenses,l10n_rs.l10n_rs_chart_template,,False
rs_553,"Costs of payment operations",553,account.data_account_type_expenses,l10n_rs.l10n_rs_chart_template,,False
rs_554,"Costs of membership fees",554,account.data_account_type_expenses,l10n_rs.l10n_rs_chart_template,,False
rs_555,"Tax costs",555,account.data_account_type_expenses,l10n_rs.l10n_rs_chart_template,,False
rs_556,"Contribution costs",556,account.data_account_type_expenses,l10n_rs.l10n_rs_chart_template,,False
rs_559,"Other non-production costs",559,account.data_account_type_expenses,l10n_rs.l10n_rs_chart_template,,False
rs_560,"Financial expenses incurred with parent companies and subsidiaries",560,account.data_account_type_expenses,l10n_rs.l10n_rs_chart_template,,False
rs_561,"Financial expenses incurred with other associated companies",561,account.data_account_type_expenses,l10n_rs.l10n_rs_chart_template,,False
rs_562,"Costs of interest",562,account.data_account_type_expenses,l10n_rs.l10n_rs_chart_template,,False
rs_563,"FX losses",563,account.data_account_type_expenses,l10n_rs.l10n_rs_chart_template,,False
rs_564,"Losses for currency clause effects",564,account.data_account_type_expenses,l10n_rs.l10n_rs_chart_template,,False
rs_565,"Losses for share in loss of associated companies and joint ventures",565,account.data_account_type_expenses,l10n_rs.l10n_rs_chart_template,,False
rs_566,"Losses of effects of agreed risk protection that do not comply a conditions to be state under other income",566,account.data_account_type_expenses,l10n_rs.l10n_rs_chart_template,,False
rs_569,"Other financial expenses",569,account.data_account_type_expenses,l10n_rs.l10n_rs_chart_template,,False
rs_570,"Losses on writing-offs and disposals of Intangible assets and PPE",570,account.data_account_type_expenses,l10n_rs.l10n_rs_chart_template,,False
rs_571,"Losses on writing-offs and disposals of natural assets",571,account.data_account_type_expenses,l10n_rs.l10n_rs_chart_template,,False
rs_572,"Losses on disposals of long-term investments",572,account.data_account_type_expenses,l10n_rs.l10n_rs_chart_template,,False
rs_573,"Losses on disposals of raw material",573,account.data_account_type_expenses,l10n_rs.l10n_rs_chart_template,,False
rs_574,"Shortages",574,account.data_account_type_expenses,l10n_rs.l10n_rs_chart_template,,False
rs_575,"Losses of effects of agreed risk protection that do not comply a conditions to be state under other income",575,account.data_account_type_expenses,l10n_rs.l10n_rs_chart_template,,False
rs_576,"Writing-offs of receivables",576,account.data_account_type_expenses,l10n_rs.l10n_rs_chart_template,,False
rs_577,"Writing-offs of inventories and material",577,account.data_account_type_expenses,l10n_rs.l10n_rs_chart_template,,False
rs_579,"Other expenses",579,account.data_account_type_expenses,l10n_rs.l10n_rs_chart_template,,False
rs_580,"Impairment of natural assets",580,account.data_account_type_expenses,l10n_rs.l10n_rs_chart_template,,False
rs_581,"Impairment of intangible assets",581,account.data_account_type_expenses,l10n_rs.l10n_rs_chart_template,,False
rs_582,"Impairment of property, plant and equipment",582,account.data_account_type_expenses,l10n_rs.l10n_rs_chart_template,,False
rs_583,"Impairment of long-term investments and other securities available for sale",583,account.data_account_type_expenses,l10n_rs.l10n_rs_chart_template,,False
rs_584," Impairment of material and merchandise",584,account.data_account_type_expenses,l10n_rs.l10n_rs_chart_template,,False
rs_585,"Impairment of receivables and short-term financial investments",585,account.data_account_type_expenses,l10n_rs.l10n_rs_chart_template,,False
rs_589,"Impairment of other assets",589,account.data_account_type_expenses,l10n_rs.l10n_rs_chart_template,,False
rs_590,"Loss from discounting operations",590,account.data_account_type_expenses,l10n_rs.l10n_rs_chart_template,,False
rs_591,"Loss from the effects of change in accounting policies",591,account.data_account_type_expenses,l10n_rs.l10n_rs_chart_template,,False
rs_592,"Loss from the effects of errors from previous periods that are not material",592,account.data_account_type_expenses,l10n_rs.l10n_rs_chart_template,,False
rs_599,"Transfer expenses account",599,account.data_account_type_expenses,l10n_rs.l10n_rs_chart_template,,False
rs_600,"Sales of merchandise to parent companies and subsidiaries - domestic market",600,account.data_account_type_revenue,l10n_rs.l10n_rs_chart_template,,False
rs_601,"Sales of merchandise to parent companies and subsidiaries - foreign market",601,account.data_account_type_revenue,l10n_rs.l10n_rs_chart_template,,False
rs_602,"Sales of merchandise to other associated companies - domestic",602,account.data_account_type_revenue,l10n_rs.l10n_rs_chart_template,,False
rs_603,"Sales of merchandise to other associated companies - foreign",603,account.data_account_type_revenue,l10n_rs.l10n_rs_chart_template,,False
rs_604,"Sales of merchandise to domestic customers",604,account.data_account_type_revenue,l10n_rs.l10n_rs_chart_template,,False
rs_605,"Sales of merchandise to foreign customers",605,account.data_account_type_revenue,l10n_rs.l10n_rs_chart_template,,False
rs_610,"Sales of merchandise to parent companies and subsidiaries - domestic market",610,account.data_account_type_revenue,l10n_rs.l10n_rs_chart_template,,False
rs_611,"Sales of merchandise to parent companies and subsidiaries - foreign market",611,account.data_account_type_revenue,l10n_rs.l10n_rs_chart_template,,False
rs_612,"Sales of finished goods and services rendered to other associated entities - domestic",612,account.data_account_type_revenue,l10n_rs.l10n_rs_chart_template,,False
rs_613,"Sales of finished goods and services rendered to other associated entities - foreign",613,account.data_account_type_revenue,l10n_rs.l10n_rs_chart_template,,False
rs_614,"Sales of finished goods and services rendered to domestic customers",614,account.data_account_type_revenue,l10n_rs.l10n_rs_chart_template,,False
rs_615,"Sales of finished goods and services rendered to foreign customers",615,account.data_account_type_revenue,l10n_rs.l10n_rs_chart_template,,False
rs_620,"Income from the own use of merchandise",620,account.data_account_type_revenue,l10n_rs.l10n_rs_chart_template,,False
rs_621,"Income from the own use of products and services",621,account.data_account_type_revenue,l10n_rs.l10n_rs_chart_template,,False
rs_630,"Increase of finished goods, work in progress and services in progress",630,account.data_account_type_revenue,l10n_rs.l10n_rs_chart_template,,False
rs_631,"Decrease of finished goods, work in progress and services in progress",631,account.data_account_type_expenses,l10n_rs.l10n_rs_chart_template,,False
rs_640,"Income from premiums, subventions, donations, compensations and tax returns",640,account.data_account_type_revenue,l10n_rs.l10n_rs_chart_template,,False
rs_641,"Income from donations under specified conditions",641,account.data_account_type_revenue,l10n_rs.l10n_rs_chart_template,,False
rs_650,"Rental fee income",650,account.data_account_type_revenue,l10n_rs.l10n_rs_chart_template,,False
rs_651,"Membership fees",651,account.data_account_type_revenue,l10n_rs.l10n_rs_chart_template,,False
rs_652,"Income from royalties",652,account.data_account_type_revenue,l10n_rs.l10n_rs_chart_template,,False
rs_659,"Other operating income",659,account.data_account_type_revenue,l10n_rs.l10n_rs_chart_template,,False
rs_660,"Financial income incurred with parent companies and subsidiaries",660,account.data_account_type_revenue,l10n_rs.l10n_rs_chart_template,,False
rs_661,"Financial income incurred with other associated companies",661,account.data_account_type_revenue,l10n_rs.l10n_rs_chart_template,,False
rs_662,"Income from interest",662,account.data_account_type_revenue,l10n_rs.l10n_rs_chart_template,,False
rs_663,"FX Gains",663,account.data_account_type_other_income,l10n_rs.l10n_rs_chart_template,,False
rs_664,"Income for the effects of currency clause",664,account.data_account_type_revenue,l10n_rs.l10n_rs_chart_template,,False
rs_665,"Income from share in associated entities and joint ventures",665,account.data_account_type_revenue,l10n_rs.l10n_rs_chart_template,,False
rs_669,"Other financial income",669,account.data_account_type_revenue,l10n_rs.l10n_rs_chart_template,,False
rs_670,"Gains on disposals of Intangible assets and PPE",670,account.data_account_type_revenue,l10n_rs.l10n_rs_chart_template,,False
rs_671,"Gains on disposals of natural assets",671,account.data_account_type_revenue,l10n_rs.l10n_rs_chart_template,,False
rs_672,"Gains on disposals of long-term investments",672,account.data_account_type_revenue,l10n_rs.l10n_rs_chart_template,,False
rs_673,"Gains on disposals of raw materials",673,account.data_account_type_revenue,l10n_rs.l10n_rs_chart_template,,False
rs_674,"Surpluses",674,account.data_account_type_revenue,l10n_rs.l10n_rs_chart_template,,False
rs_675,"Collected written-off receivables",675,account.data_account_type_revenue,l10n_rs.l10n_rs_chart_template,,False
rs_676,"Income of effects of agreed risk protection that do not comply a conditions to be state under other income",676,account.data_account_type_revenue,l10n_rs.l10n_rs_chart_template,,False
rs_677,"Income from reduction of liabilities",677,account.data_account_type_revenue,l10n_rs.l10n_rs_chart_template,,False
rs_678,"Income from abolishing of provisions",678,account.data_account_type_revenue,l10n_rs.l10n_rs_chart_template,,False
rs_679,"Other income",679,account.data_account_type_other_income,l10n_rs.l10n_rs_chart_template,,False
rs_680,"Income from valuation adjustments of natural assets",680,account.data_account_type_other_income,l10n_rs.l10n_rs_chart_template,,False
rs_681,"Income from valuation adjustments of intangible assets",681,account.data_account_type_other_income,l10n_rs.l10n_rs_chart_template,,False
rs_682,"Income from valuation adjustments of PPE",682,account.data_account_type_other_income,l10n_rs.l10n_rs_chart_template,,False
rs_683,"Income from valuation adjustments long-term investments securities available for sale",683,account.data_account_type_other_income,l10n_rs.l10n_rs_chart_template,,False
rs_684,"Income from valuation adjustments of inventories",684,account.data_account_type_other_income,l10n_rs.l10n_rs_chart_template,,False
rs_685,"Income from valuation adjustments of receivables and short term placements",685,account.data_account_type_other_income,l10n_rs.l10n_rs_chart_template,,False
rs_689,"Income from valuation adjustments of other assets",689,account.data_account_type_other_income,l10n_rs.l10n_rs_chart_template,,False
rs_690,"Income from discounting operations",690,account.data_account_type_other_income,l10n_rs.l10n_rs_chart_template,,False
rs_691,"Income from the effects of change in accounting policies",691,account.data_account_type_other_income,l10n_rs.l10n_rs_chart_template,,False
rs_692,"Income from the effects of errors from previous periods that are not material",692,account.data_account_type_other_income,l10n_rs.l10n_rs_chart_template,,False
rs_699,"Transfer income account",699,account.data_account_type_other_income,l10n_rs.l10n_rs_chart_template,,False
rs_700,"Opening account of general ledger",700,account.data_account_type_equity,l10n_rs.l10n_rs_chart_template,,False
rs_710,"Account of expenses and income",710,account.data_account_type_revenue,l10n_rs.l10n_rs_chart_template,,False
rs_711,"Account of discounting operations expenses and revenues",711,account.data_account_type_revenue,l10n_rs.l10n_rs_chart_template,,False
rs_712,"Transfer of total result ",712,account.data_account_type_revenue,l10n_rs.l10n_rs_chart_template,,False
rs_720,"Profit or loss account",720,account.data_account_type_revenue,l10n_rs.l10n_rs_chart_template,,False
rs_721,"Taxes on profit",721,account.data_account_type_expenses,l10n_rs.l10n_rs_chart_template,,False
rs_722,"Deferred taxes",722,account.data_account_type_revenue,l10n_rs.l10n_rs_chart_template,,False
rs_723,"Personal earnings of the employer",723,account.data_account_type_revenue,l10n_rs.l10n_rs_chart_template,,False
rs_724,"Transfer of profit or loss",724,account.data_account_type_revenue,l10n_rs.l10n_rs_chart_template,,False
rs_730,"Closing of the balance sheet's accounts",730,account.data_account_type_revenue,l10n_rs.l10n_rs_chart_template,,False
rs_880,"Assets taken into operating lease",880,account.data_account_off_sheet,l10n_rs.l10n_rs_chart_template,,False
rs_881,"Goods engagned in joint ventures",881,account.data_account_off_sheet,l10n_rs.l10n_rs_chart_template,,False
rs_882,"Commission and consignant goods",882,account.data_account_off_sheet,l10n_rs.l10n_rs_chart_template,,False
rs_883,"Material received on processing and manipulation",883,account.data_account_off_sheet,l10n_rs.l10n_rs_chart_template,,False
rs_884,"Given guarantees",884,account.data_account_off_sheet,l10n_rs.l10n_rs_chart_template,,False
rs_885,"Securities out of shock exchange",885,account.data_account_off_sheet,l10n_rs.l10n_rs_chart_template,,False
rs_889,"Assets at other entities",889,account.data_account_off_sheet,l10n_rs.l10n_rs_chart_template,,False
rs_890,"Liabilities for assets taken on operating lease",890,account.data_account_off_sheet,l10n_rs.l10n_rs_chart_template,,False
rs_891,"Goods engaged in joint ventures",891,account.data_account_off_sheet,l10n_rs.l10n_rs_chart_template,,False
rs_892,"Commission and consignant goods",892,account.data_account_off_sheet,l10n_rs.l10n_rs_chart_template,,False
rs_893,"Liabilities for material received on processing and manipulation",893,account.data_account_off_sheet,l10n_rs.l10n_rs_chart_template,,False
rs_894,"Liabilities for given guarantees",894,account.data_account_off_sheet,l10n_rs.l10n_rs_chart_template,,False
rs_895,"Securites out of shock exchange",895,account.data_account_off_sheet,l10n_rs.l10n_rs_chart_template,,False
rs_899,"Liabilities for assets at other entities",899,account.data_account_off_sheet,l10n_rs.l10n_rs_chart_template,,False
rs_900,"Taking over inventories account",900,account.data_account_type_expenses,l10n_rs.l10n_rs_chart_template,,False
rs_901,"Taking over purchasing of material and merchandise account",901,account.data_account_type_expenses,l10n_rs.l10n_rs_chart_template,,False
rs_902,"Costs taking over account",902,account.data_account_type_expenses,l10n_rs.l10n_rs_chart_template,,False
rs_903,"Income taking over account",903,account.data_account_type_revenue,l10n_rs.l10n_rs_chart_template,,False
rs_910,"Raw material",910,account.data_account_type_expenses,l10n_rs.l10n_rs_chart_template,,False
rs_911,"Merchandise",911,account.data_account_type_expenses,l10n_rs.l10n_rs_chart_template,,False
rs_912,"Finished products and merchandise in producer's shops",912,account.data_account_type_expenses,l10n_rs.l10n_rs_chart_template,,False
rs_950,"Cost unit",950,account.data_account_type_expenses,l10n_rs.l10n_rs_chart_template,,False
rs_951,"Cost unit",951,account.data_account_type_expenses,l10n_rs.l10n_rs_chart_template,,False
rs_952,"Cost unit",952,account.data_account_type_expenses,l10n_rs.l10n_rs_chart_template,,False
rs_953,"Cost unit",953,account.data_account_type_expenses,l10n_rs.l10n_rs_chart_template,,False
rs_954,"Cost unit",954,account.data_account_type_expenses,l10n_rs.l10n_rs_chart_template,,False
rs_955,"Cost unit",955,account.data_account_type_expenses,l10n_rs.l10n_rs_chart_template,,False
rs_956,"Cost unit",956,account.data_account_type_expenses,l10n_rs.l10n_rs_chart_template,,False
rs_957,"Cost unit",957,account.data_account_type_expenses,l10n_rs.l10n_rs_chart_template,,False
rs_958,"Semi-finished products of own production",958,account.data_account_type_revenue,l10n_rs.l10n_rs_chart_template,,False
rs_959,"Deviation in cost units",959,account.data_account_type_revenue,l10n_rs.l10n_rs_chart_template,,False
rs_960,"Finished products",960,account.data_account_type_revenue,l10n_rs.l10n_rs_chart_template,,False
rs_961,"Finished products",961,account.data_account_type_revenue,l10n_rs.l10n_rs_chart_template,,False
rs_962,"Finished products",962,account.data_account_type_revenue,l10n_rs.l10n_rs_chart_template,,False
rs_963,"Finished products",963,account.data_account_type_revenue,l10n_rs.l10n_rs_chart_template,,False
rs_964,"Finished products",964,account.data_account_type_revenue,l10n_rs.l10n_rs_chart_template,,False
rs_965,"Finished products",965,account.data_account_type_revenue,l10n_rs.l10n_rs_chart_template,,False
rs_966,"Finished products",966,account.data_account_type_revenue,l10n_rs.l10n_rs_chart_template,,False
rs_967,"Finished products",967,account.data_account_type_revenue,l10n_rs.l10n_rs_chart_template,,False
rs_968,"Finished products",968,account.data_account_type_revenue,l10n_rs.l10n_rs_chart_template,,False
rs_969,"Exceptions in costs of finished products",969,account.data_account_type_expenses,l10n_rs.l10n_rs_chart_template,,False
rs_980,"Costs of products and services sold",980,account.data_account_type_expenses,l10n_rs.l10n_rs_chart_template,,False
rs_981,"Cost of merchandise sold",981,account.data_account_type_expenses,l10n_rs.l10n_rs_chart_template,,False
rs_982,"Costs of the period",982,account.data_account_type_expenses,l10n_rs.l10n_rs_chart_template,,False
rs_983,"Write-offs, shortages and surpluses of work in progress and finished products",983,account.data_account_type_expenses,l10n_rs.l10n_rs_chart_template,,False
rs_986,"Income from products and services",986,account.data_account_type_revenue,l10n_rs.l10n_rs_chart_template,,False
rs_987,"Income from merchandise",987,account.data_account_type_revenue,l10n_rs.l10n_rs_chart_template,,False
rs_990,"Operating profit and loss",990,account.data_account_type_expenses,l10n_rs.l10n_rs_chart_template,,False
rs_991,"Loss and profit on raw materials' sale",991,account.data_account_type_revenue,l10n_rs.l10n_rs_chart_template,,False
rs_992,"Shortages of raw materials and merchandise",992,account.data_account_type_expenses,l10n_rs.l10n_rs_chart_template,,False
rs_993,"Write-offs of raw materials and merchandise",993,account.data_account_type_expenses,l10n_rs.l10n_rs_chart_template,,False
rs_994,"Surpluses of raw materials and merchandise",994,account.data_account_type_revenue,l10n_rs.l10n_rs_chart_template,,False
rs_999,"Closing computation of costs and effects",999,account.data_account_type_expenses,l10n_rs.l10n_rs_chart_template,,False
